Workbook

Sheet サマリ
A1: 棚卸しサマリ
A2: 棚卸し月（月初の日付を入力） | B2: 46204 | C2: ← 例: 6月末の棚卸しなら 2026/6/1 と入力（期限判定の基準になります）
A4: シート | B4: 対象品目 | C4: 入力済み | D4: 未入力 | E4: 1回目完了 | F4: ダブル完了
A5: 原料豆 | B5: 38 | C5: =COUNT(原料豆!$C$4:$C$41) | D5: =B5-C5 | E5: =COUNTIF(原料豆!$J$4:$J$41,"1回目完了") | F5: =COUNTIF(原料豆!$J$4:$J$41,"ダブルチェック完了")
A6: 副原料 | B6: 87 | C6: =COUNT(副原料!$C$4:$C$90) | D6: =B6-C6 | E6: =COUNTIF(副原料!$J$4:$J$90,"1回目完了") | F6: =COUNTIF(副原料!$J$4:$J$90,"ダブルチェック完了")
A7: フィルター | B7: 14 | C7: =COUNT(フィルター!$D$4:$D$17)+COUNT(フィルター!$E$4:$E$17)-COUNTIFS(フィルター!$D$4:$D$17,">=0",フィルター!$E$4:$E$17,">=0") | D7: =B7-C7 | E7: =COUNTIF(フィルター!$F$4:$F$17,"1回目完了") | F7: =COUNTIF(フィルター!$F$4:$F$17,"ダブルチェック完了")
A8: 合計 | B8: =SUM(B5:B7) | C8: =SUM(C5:C7) | D8: =SUM(D5:D7) | E8: =SUM(E5:E7) | F8: =SUM(F5:F7)
A10: ■ 使い方
A11: 1. 各シートを開き、上から順に「数量」を記入する（在庫が無ければ 0）
A12: 2. 期限切れ分は数量に含めず「期限切れ量」「期限切れ日」に記入
A13: 3. 期限日を入れると「期限区分」が自動で入る（来月/再来月のときは「期限量」も記入）
A14: 4. 確認が済んだら「チェック」を選ぶ（誰が編集したかはSharePointの版履歴で確認できる）
A15: 5. 未入力の数量セルは黄色で表示される。全員の入力状況はこのサマリで確認
A16: ※ 行の追加・削除・並び替えはしないでください（数式とカウントが狂います）
A17: ※ 複数人で同時に開いて編集してOK（自動保存・自動同期）

Sheet 原料豆
A1: 実地棚卸表（原料豆） | D1: ="棚卸し月: "&TEXT(サマリ!$B$2,"yyyy年m月")
A2: ①数量には期限切れ分を含めない ②期限日を入れると期限区分は自動判定（手動で上書き可） ③行の追加・削除・並び替えはしない
A3: 原料コード | B3: 品名 | C3: 数量 | D3: 単位 | E3: 期限日 | F3: 期限区分(自動) | G3: 期限量 | H3: 期限切れ量 | I3: 期限切れ日 | J3: チェック | K3: 備考
A4: 300076000 | B4: 工業用 ７PTDB-B(豆) | D4: kg | F4: =IF($E4="","",IF(EDATE(サマリ!$B$2,1)>$E4,"期限切れ",IF(EDATE(サマリ!$B$2,2)>$E4,"来月期限",IF(EDATE(サマリ!$B$2,3)>$E4,"再来月期限",""))))
A5: 300077000 | B5: 工業用 ７PTDB-P(粉) | D5: kg | F5: =IF($E5="","",IF(EDATE(サマリ!$B$2,1)>$E5,"期限切れ",IF(EDATE(サマリ!$B$2,2)>$E5,"来月期限",IF(EDATE(サマリ!$B$2,3)>$E5,"再来月期限",""))))
A6: 300078000 | B6: 工業用 ７PTDﾗﾃ用(豆) | D6: kg | F6: =IF($E6="","",IF(EDATE(サマリ!$B$2,1)>$E6,"期限切れ",IF(EDATE(サマリ!$B$2,2)>$E6,"来月期限",IF(EDATE(サマリ!$B$2,3)>$E6,"再来月期限",""))))
A7: 310941000 | B7: 工業用 ORBオリジナルブレンド(豆) | D7: kg | F7: =IF($E7="","",IF(EDATE(サマリ!$B$2,1)>$E7,"期限切れ",IF(EDATE(サマリ!$B$2,2)>$E7,"来月期限",IF(EDATE(サマリ!$B$2,3)>$E7,"再来月期限",""))))
A8: 311222000 | B8: 工業用 LC ﾗﾃﾌﾞﾚﾝﾄﾞ（豆） | D8: kg | F8: =IF($E8="","",IF(EDATE(サマリ!$B$2,1)>$E8,"期限切れ",IF(EDATE(サマリ!$B$2,2)>$E8,"来月期限",IF(EDATE(サマリ!$B$2,3)>$E8,"再来月期限",""))))
A9: 314853000 | B9: 工業用 Cafeﾌﾞﾚﾝﾄﾞ3 (豆) | D9: kg | F9: =IF($E9="","",IF(EDATE(サマリ!$B$2,1)>$E9,"期限切れ",IF(EDATE(サマリ!$B$2,2)>$E9,"来月期限",IF(EDATE(サマリ!$B$2,3)>$E9,"再来月期限",""))))
A10: 315032000 | B10: 工業用 PBﾌﾞﾚﾝﾄﾞF (豆) | D10: kg | F10: =IF($E10="","",IF(EDATE(サマリ!$B$2,1)>$E10,"期限切れ",IF(EDATE(サマリ!$B$2,2)>$E10,"来月期限",IF(EDATE(サマリ!$B$2,3)>$E10,"再来月期限",""))))
A11: 315190000 | B11: 工業用 TC-B(豆) | D11: kg | F11: =IF($E11="","",IF(EDATE(サマリ!$B$2,1)>$E11,"期限切れ",IF(EDATE(サマリ!$B$2,2)>$E11,"来月期限",IF(EDATE(サマリ!$B$2,3)>$E11,"再来月期限",""))))
A12: 315190000 | B12: 工業用 TC-B2 (豆) | D12: kg | F12: =IF($E12="","",IF(EDATE(サマリ!$B$2,1)>$E12,"期限切れ",IF(EDATE(サマリ!$B$2,2)>$E12,"来月期限",IF(EDATE(サマリ!$B$2,3)>$E12,"再来月期限",""))))
A13: 315191000 | B13: 工業用 TC-C2 (豆) | D13: kg | F13: =IF($E13="","",IF(EDATE(サマリ!$B$2,1)>$E13,"期限切れ",IF(EDATE(サマリ!$B$2,2)>$E13,"来月期限",IF(EDATE(サマリ!$B$2,3)>$E13,"再来月期限",""))))
A14: 315269000 | B14: 工業用 Healthyﾌﾞﾚﾝﾄﾞ(豆) | D14: kg | F14: =IF($E14="","",IF(EDATE(サマリ!$B$2,1)>$E14,"期限切れ",IF(EDATE(サマリ!$B$2,2)>$E14,"来月期限",IF(EDATE(サマリ!$B$2,3)>$E14,"再来月期限",""))))
A15: 320541000 | B15: 工業用 FM ｶｳﾝﾀｰｺｰﾋｰﾀﾞｰｸ用(豆) | D15: kg | F15: =IF($E15="","",IF(EDATE(サマリ!$B$2,1)>$E15,"期限切れ",IF(EDATE(サマリ!$B$2,2)>$E15,"来月期限",IF(EDATE(サマリ!$B$2,3)>$E15,"再来月期限",""))))
... A39: 351184001 | B39: 工業用 アフリカンブレンド(豆) | D39: kg | F39: =IF($E39="","",IF(EDATE(サマリ!$B$2,1)>$E39,"期限切れ",IF(EDATE(サマリ!$B$2,2)>$E39,"来月期限",IF(EDATE(サマリ!$B$2,3)>$E39,"再来月期限",""))))
B40: 工業用 SKN-7(豆) 兵庫 | D40: kg | F40: =IF($E40="","",IF(EDATE(サマリ!$B$2,1)>$E40,"期限切れ",IF(EDATE(サマリ!$B$2,2)>$E40,"来月期限",IF(EDATE(サマリ!$B$2,3)>$E40,"再来月期限",""))))
B41: 工業用 SKN-7(豆) 名古屋 | D41: kg | F41: =IF($E41="","",IF(EDATE(サマリ!$B$2,1)>$E41,"期限切れ",IF(EDATE(サマリ!$B$2,2)>$E41,"来月期限",IF(EDATE(サマリ!$B$2,3)>$E41,"再来月期限",""))))

Sheet 副原料
A1: 実地棚卸表（副原料） | D1: ="棚卸し月: "&TEXT(サマリ!$B$2,"yyyy年m月")
A2: ①数量には期限切れ分を含めない ②期限日を入れると期限区分は自動判定（手動で上書き可） ③行の追加・削除・並び替えはしない
A3: 原料コード | B3: 品名 | C3: 数量 | D3: 単位 | E3: 期限日 | F3: 期限区分(自動) | G3: 期限量 | H3: 期限切れ量 | I3: 期限切れ日 | J3: チェック | K3: 備考
A4: 400065000 | B4: Brazilian I/C S6E2N(6762) | D4: kg | F4: =IF($E4="","",IF(EDATE(サマリ!$B$2,1)>$E4,"期限切れ",IF(EDATE(サマリ!$B$2,2)>$E4,"来月期限",IF(EDATE(サマリ!$B$2,3)>$E4,"再来月期限",""))))
A5: 950001000 | B5: 重曹 （炭酸水素ﾅﾄﾘｳﾑ) | D5: kg | F5: =IF($E5="","",IF(EDATE(サマリ!$B$2,1)>$E5,"期限切れ",IF(EDATE(サマリ!$B$2,2)>$E5,"来月期限",IF(EDATE(サマリ!$B$2,3)>$E5,"再来月期限",""))))
A6: 950003000 | B6: 全粉乳 | D6: kg | F6: =IF($E6="","",IF(EDATE(サマリ!$B$2,1)>$E6,"期限切れ",IF(EDATE(サマリ!$B$2,2)>$E6,"来月期限",IF(EDATE(サマリ!$B$2,3)>$E6,"再来月期限",""))))
A7: 950004000 | B7: 脱脂粉乳 | D7: kg | F7: =IF($E7="","",IF(EDATE(サマリ!$B$2,1)>$E7,"期限切れ",IF(EDATE(サマリ!$B$2,2)>$E7,"来月期限",IF(EDATE(サマリ!$B$2,3)>$E7,"再来月期限",""))))
A8: 950100000 | B8: ｼｮ糖型液糖 B×68 | D8: kg | F8: =IF($E8="","",IF(EDATE(サマリ!$B$2,1)>$E8,"期限切れ",IF(EDATE(サマリ!$B$2,2)>$E8,"来月期限",IF(EDATE(サマリ!$B$2,3)>$E8,"再来月期限",""))))
A9: 950202000 | B9: 原料 殺菌乳 | D9: kg | F9: =IF($E9="","",IF(EDATE(サマリ!$B$2,1)>$E9,"期限切れ",IF(EDATE(サマリ!$B$2,2)>$E9,"来月期限",IF(EDATE(サマリ!$B$2,3)>$E9,"再来月期限",""))))
A10: 950401000 | B10: ｼｭｶﾞｰｴｽﾃﾙ S-570 | D10: kg | F10: =IF($E10="","",IF(EDATE(サマリ!$B$2,1)>$E10,"期限切れ",IF(EDATE(サマリ!$B$2,2)>$E10,"来月期限",IF(EDATE(サマリ!$B$2,3)>$E10,"再来月期限",""))))
A11: 950404000 | B11: ﾘｮｰﾄｰｼｭｶﾞｰ ｴｽﾃﾙP-1670 | D11: kg | F11: =IF($E11="","",IF(EDATE(サマリ!$B$2,1)>$E11,"期限切れ",IF(EDATE(サマリ!$B$2,2)>$E11,"来月期限",IF(EDATE(サマリ!$B$2,3)>$E11,"再来月期限",""))))
A12: 950418000 | B12: ｼﾘｺｰﾝ KM-72F | D12: kg | F12: =IF($E12="","",IF(EDATE(サマリ!$B$2,1)>$E12,"期限切れ",IF(EDATE(サマリ!$B$2,2)>$E12,"来月期限",IF(EDATE(サマリ!$B$2,3)>$E12,"再来月期限",""))))
A13: 950427000 | B13: 泡ﾌﾞﾚｲｸ G-109 | D13: kg | F13: =IF($E13="","",IF(EDATE(サマリ!$B$2,1)>$E13,"期限切れ",IF(EDATE(サマリ!$B$2,2)>$E13,"来月期限",IF(EDATE(サマリ!$B$2,3)>$E13,"再来月期限",""))))
A14: 950485000 | B14: ｾｵﾗｽ SC-900S | D14: kg | F14: =IF($E14="","",IF(EDATE(サマリ!$B$2,1)>$E14,"期限切れ",IF(EDATE(サマリ!$B$2,2)>$E14,"来月期限",IF(EDATE(サマリ!$B$2,3)>$E14,"再来月期限",""))))
A15: 950494000 | B15: SﾋﾞﾀｰⅡ | D15: kg | F15: =IF($E15="","",IF(EDATE(サマリ!$B$2,1)>$E15,"期限切れ",IF(EDATE(サマリ!$B$2,2)>$E15,"来月期限",IF(EDATE(サマリ!$B$2,3)>$E15,"再来月期限",""))))
... A85: 962989000 | B85: 加糖練乳 | D85: kg | F85: =IF($E85="","",IF(EDATE(サマリ!$B$2,1)>$E85,"期限切れ",IF(EDATE(サマリ!$B$2,2)>$E85,"来月期限",IF(EDATE(サマリ!$B$2,3)>$E85,"再来月期限",""))))
B86: ホモゲンNO.3388 (テスト) | D86: kg | F86: =IF($E86="","",IF(EDATE(サマリ!$B$2,1)>$E86,"期限切れ",IF(EDATE(サマリ!$B$2,2)>$E86,"来月期限",IF(EDATE(サマリ!$B$2,3)>$E86,"再来月期限",""))))
B87: ホモゲンNO.3395 (テスト) | D87: kg | F87: =IF($E87="","",IF(EDATE(サマリ!$B$2,1)>$E87,"期限切れ",IF(EDATE(サマリ!$B$2,2)>$E87,"来月期限",IF(EDATE(サマリ!$B$2,3)>$E87,"再来月期限",""))))
B88: ｻﾝｴｱｰ S－30 | D88: kg | F88: =IF($E88="","",IF(EDATE(サマリ!$B$2,1)>$E88,"期限切れ",IF(EDATE(サマリ!$B$2,2)>$E88,"来月期限",IF(EDATE(サマリ!$B$2,3)>$E88,"再来月期限",""))))
B89: ﾐﾙｸﾌﾚｰﾊﾞｰ OFH45811 | D89: kg | F89: =IF($E89="","",IF(EDATE(サマリ!$B$2,1)>$E89,"期限切れ",IF(EDATE(サマリ!$B$2,2)>$E89,"来月期限",IF(EDATE(サマリ!$B$2,3)>$E89,"再来月期限",""))))
B90: ﾘｮｰﾄｰｼｭｶﾞｰｴｽﾃﾙ S-470 | D90: kg | F90: =IF($E90="","",IF(EDATE(サマリ!$B$2,1)>$E90,"期限切れ",IF(EDATE(サマリ!$B$2,2)>$E90,"来月期限",IF(EDATE(サマリ!$B$2,3)>$E90,"再来月期限",""))))

Sheet フィルター
A1: 実地棚卸表（フィルター） | D1: ="棚卸し月: "&TEXT(サマリ!$B$2,"yyyy年m月")
A2: ①箱・本それぞれの数を記入（無ければ0） ②行の追加・削除・並び替えはしない
A3: 原料コード | B3: 品名 | C3: 型番 | D3: 数量(箱) | E3: 数量(本) | F3: チェック | G3: 備考
B4: 天然水ﾌｨﾙﾀｰ 5μ （ロキテクノ） | C4: E1P050-30S7
B5: 天然水ﾌｨﾙﾀｰ 1μ （ロキテクノ） | C5: E1P010-30S7
B6: 天然水ﾌｨﾙﾀｰ 0.45μ （ポール） | C6: WFN0,45-30US-M7 314/12
B7: 天然水ﾌｨﾙﾀｰ 0.2μ （ポール） | C7: AB3FFN7WH4/12
B8: 天然水ﾌｨﾙﾀｰ 10μ | C8: /12
B9: 天然水ﾌｨﾙﾀｰ 3μ | C9: NXA3-30U-M7S/12
B10: ｲｰﾄﾝﾌｨﾙﾀｰ
B11: 帝人ﾌｨﾙﾀｰ 5μ （ﾃｽﾄ品）
B12: 帝人ﾌｨﾙﾀｰ 1μ （ﾃｽﾄ品）
B13: ３M 10μ 126A （R缶） | C13: 163
B14: ３M 10μ 527A （PET） | C14: 177
B15: ３M ５μ 525A （PET) | C15: 48
B16: 天然水ﾌｨﾙﾀｰ 1.5μ （ポール）
B17: 帝人ﾌｨﾙﾀｰ 5μ DPE05073S
